,Relevance,Accuracy,Coherence,Clarity,Breadth and Depth,Reading Experience,total
preds_ws30_mc600.0_ea1.0_morph_True_type_sum_fused_lenNone,88.75,77.08333333333333,66.25,70.0,68.33333333333333,62.083333333333336,72.08333333333333
preds_ws30_mc600.0_ea1.0_morph_False_type_max_fused_lenNone,94.16666666666667,91.66666666666667,84.16666666666666,82.5,73.33333333333333,79.16666666666667,84.16666666666667
preds_ws30_mc600.0_ea1.0_morph_True_type_h2o_lenNone,85.16949152542372,75.84745762711864,63.13559322033898,64.40677966101694,65.67796610169492,57.6271186440678,68.64406779661017
