Model,Completion Rate,Accuracy Once,Accuracy Range,Accuracy Periodic,Average Accuracy
Mistral_200_4000_mkv_opt_qcache_new,72.10384615384616,0.4615384615384615,0.6744186046511628,0.2903225806451613,0.4754265489449285
Mistral_200_4000_max_greedy,71.24038461538461,0.4822695035460992,0.5777777777777777,0.3214285714285714,0.4604919509174828
Mistral_snapkv_opt_qcache_new,72.44230769230771,0.52,0.7619047619047619,0.3111111111111111,0.531005291005291
Mistral_200_4000_h2o_opt_qcache_new,71.86153846153847,0.44871794871794873,0.6904761904761905,0.2826086956521739,0.4739342782821043
