Model,Completion Rate,Accuracy Once,Accuracy Range,Accuracy Periodic,Average Accuracy
Llama,63.575,0.4558823529411764,0.6320754716981132,0.2513661202185792,0.4464413149526229
Qwen,65.89615384615385,0.5579710144927537,0.6486486486486487,0.4335260115606936,0.5467152249006987
Mistral_snapkv_opt_qcache_new,72.44230769230771,0.52,0.7619047619047619,0.3222222222222222,0.5347089947089947
Mistral_1000_snapkv,71.2673076923077,0.5106382978723404,0.5955056179775281,0.2857142857142857,0.4639527338547181
Mistral,72.75,0.5100671140939598,0.6145833333333334,0.26,0.46155014914243103
