Model,Completion Rate,Accuracy Once,Accuracy Range,Accuracy Periodic,Average Accuracy
Mistral_h2o,73.05961538461538,0.4965986394557823,0.6276595744680851,0.2955665024630542,0.4732749054623071
Mistral_full,72.9173076923077,0.5238095238095238,0.6559139784946236,0.2562814070351759,0.4786683031131078
Mistral,72.75,0.5100671140939598,0.6145833333333334,0.26,0.461550149142431
Qwen_h2o,64.13846153846154,0.4888888888888889,0.5818181818181818,0.4071856287425149,0.4926308998165285
Qwen_full,73.10000000000001,0.5266666666666666,0.625,0.4604651162790698,0.5373772609819122
Qwen,65.89615384615385,0.5289855072463768,0.6216216216216216,0.42196531791907516,0.5241908155956913
