,Relevance,Accuracy,Coherence,Clarity,Breadth and Depth,Reading Experience,total
preds_ws30_mc600.0_ea1.0_morph_True_type_sum_fused_lenNone,93.75,85.83333333333334,83.33333333333333,85.83333333333334,60.0,73.33333333333333,80.34722222222223
preds_ws30_mc600.0_ea1.0_morph_True_type_h2o_lenNone,93.75,85.41666666666667,82.91666666666666,80.41666666666667,58.75,75.0,79.375
