,Relevance,Accuracy,Coherence,Clarity,Breadth and Depth,Reading Experience,total
preds_ws30_mc600.0_ea1.0_morph_True_type_sum_fused_lenNone,84.16666666666666,81.25,55.833333333333336,63.33333333333333,49.583333333333336,46.666666666666664,63.47222222222222
preds_ws3_mc1024.0_ea1.0_morph_False_type_max_fused_lenNone,89.99999999999999,85.41666666666667,63.74999999999999,69.16666666666667,54.58333333333333,53.333333333333336,69.375
preds_ws30_mc600.0_ea1.0_morph_True_type_h2o_lenNone,87.08333333333333,82.91666666666666,62.083333333333336,69.16666666666667,57.08333333333333,54.58333333333333,68.81944444444444
